"","smoking","yellowFingers","lungCancer"
"1",0.841897811122648,4.57199784936365,4.03726008576651
"2",3.86825896606106,15.8358222913508,19.92786260966
"3",3.44950137597393,13.454488170275,17.5649647425559
"4",2.24919412507283,5.65051420482091,11.2980788107704
"5",3.43749536618445,14.5777929701798,15.6896381656574
"6",2.70645417104098,9.05299724902286,14.5110533708285
"7",3.76179174094715,11.7377537128013,19.5678802244613
"8",2.62984834657509,8.98692169488937,12.7681868286473
"9",1.85011635911126,5.74567885517853,8.69400689433826
"10",2.73603315039604,10.3853488096003,13.8996747777627
"11",3.40666703306375,12.2974542202138,17.3933480422763
"12",4.49408247102787,15.4598253736571,22.6322211017884
"13",3.06940015282486,10.9224642923401,16.4315577525545
"14",4.89102887464014,18.8544879259554,25.074779709978
"15",1.33298399675407,4.25114958683231,6.16819864602443
"16",4.06477310950433,13.9209939790746,20.900005911154
"17",2.49732327486694,9.68395599668665,13.8905879948735
"18",3.15121894401696,12.2268240525755,17.101941575408
"19",3.67501893230252,14.7425448142889,18.9040146310367
"20",3.12612190506187,10.7185772287882,15.9362605639915
"21",2.91214513813166,8.59549923268109,12.1395813872709
"22",4.79750197944008,17.7591778122093,24.09332412558
"23",4.1200258227674,13.9237120477776,19.5370420215781
"24",3.78586648139424,15.4371974216713,18.1412920606761
"25",2.08369118191375,7.36949351495597,10.0590256973725
"26",2.1075723373694,8.25878035892257,11.0302129925083
"27",3.20155947551295,11.8908080651664,16.9009680915145
"28",4.44177389006175,15.0026347107218,24.0048942731292
"29",3.65689356569772,14.8690536988442,19.3066471694251
"30",2.62698879577813,10.3854725385702,12.2852723001408
"31",1.9536935168592,5.51358748688415,9.4839793144707
"32",2.40066391494483,9.03398858741429,13.7838022094197
"33",2.28198786643881,7.47547472902111,12.0953416144534
"34",4.52571366123205,17.2848975826539,22.4614407009047
"35",3.27243762123808,11.5551449989908,16.6837303130726
"36",3.27394239485776,12.3512127649524,15.5365225559937
"37",4.23093412113524,14.3457887724012,22.936756176492
"38",6.4940859832473,22.3922274746031,32.4578827491142
"39",2.86907963002206,12.022439797583,14.5380710392836
"40",4.86656745624481,17.6438237504139,25.5412839283579
"41",3.89230511440912,12.6280612660483,20.8119975110671
"42",3.20947465519634,12.6073463295484,17.3875808661105
"43",3.46734335935362,12.3630197888084,17.4855377109187
"44",3.3286834369586,12.1319634749589,16.3824886378686
"45",3.43230039903925,12.1721511883799,17.9055671857383
"46",2.50398387430926,9.11061432834594,12.6766209190377
"47",1.38721988852563,3.23812651414087,7.18900285480331
"48",2.40311046453376,6.39923359550284,11.8105499128229
"49",1.40671095147836,4.41825800726382,6.59251076769269
"50",3.90259994309046,15.5733872906615,20.0002393270514
"51",4.04470197024896,16.3463758079234,19.461783557224
"52",4.99112000686217,18.2498455664396,25.6276346273635
"53",5.51648642171914,18.5819176543318,27.6679504090036
"54",5.07968931706256,16.8352269126734,25.5388761244063
"55",3.10887017689843,10.9403679951052,16.0638879935907
"56",3.80048074295805,14.8490812412643,18.9224978984011
"57",3.20271412469202,10.613966107012,18.5395244478418
"58",4.7525098440625,15.6425696679961,24.4891465088682
"59",3.11629354892518,10.5401781530231,16.7417257355149
"60",2.3613021486405,6.69147640947718,11.6359550734137
"61",4.57842449799326,18.9771813030116,23.0766104866919
"62",2.54645648416885,11.1678153786475,15.0717447817161
"63",2.44421607182483,9.48844598377123,10.8350151688642
"64",2.81945660972751,9.26875422952766,13.2252247201291
"65",2.66691635263446,9.1924676035845,14.1944072510611
"66",2.8651360949428,8.59403712174251,15.1896518626401
"67",4.90198447281947,17.5550796082769,25.4729078639328
"68",4.1200581442118,12.7907642518696,21.1649193103907
"69",3.20641363916884,11.9860859970706,14.5221401836412
"70",3.99874844410342,14.2083749553403,19.8292802448894
"71",3.01741716617424,10.7874665716147,16.6689024235002
"72",3.49617745128766,14.3674376889199,18.3806740337762
"73",3.5405465359914,12.4584620176143,17.3090230512457
"74",4.86094656620374,17.0721396872975,24.4564559265747
"75",5.43047649164189,18.7016057866987,28.0687288873668
"76",3.00744153017246,8.73687372398646,15.6623405279761
"77",2.296155776838,8.81543939742918,13.0652998324495
"78",3.11954730983451,9.37874130852605,16.6614697115932
"79",3.2592858796422,11.1243062763439,17.6360907984046
"80",2.82839632901277,9.54630638355096,15.245940477013
"81",4.14749791899294,14.9932441976233,21.3474911786193
"82",3.25962857460048,14.4384884961142,16.8234522355332
"83",2.31886930080692,7.2102715121074,12.773982654718
"84",4.08571024909521,15.077887077722,21.7277914244131
"85",4.87605342859316,17.0224950271656,24.891895967488
"86",1.90532342181077,7.46456035572057,9.56196264538919
"87",0.472516699060024,2.4773863338102,3.36573079758256
"88",1.71391083663786,6.51661014194565,9.53465274543762
"89",3.31795412505127,12.0392302644551,18.188845114955
"90",4.73596052960198,16.6595866532222,26.254690750115
"91",3.03278989063999,11.1937854385038,15.2399831045002
"92",3.74136448095794,13.8545177822553,17.0278168663031
"93",3.2297348065118,12.4010417488754,16.4263136871445
"94",2.96568615130202,10.3864799932929,14.7332579018775
"95",2.73104607374537,10.1598125700079,14.1707847361888
"96",4.84786349477801,16.0117522199817,25.0635988305985
"97",3.92194167266607,13.4513275267087,20.4707383232201
"98",3.0334203389631,10.7554097518551,14.9816254879649
"99",2.40831101730532,10.4651100428304,11.9132408061094
"100",1.3764764795079,5.10517123669195,7.30729981478425
"101",4.21744928809483,13.3846422486603,21.9173931672134
"102",3.16901980442107,11.9415499867219,16.0532006542223
"103",1.85538262065455,6.45865192670381,8.81800116455233
"104",2.17395924533289,8.1510301873648,10.8537704772692
"105",4.05856288914507,12.8108556783909,21.4701467556057
"106",4.40180722033384,15.1780669050588,21.1371410880821
"107",2.8361307726917,8.6139408087645,14.9585789159671
"108",3.33263662707918,11.484462233377,18.2613235688385
"109",1.76931724513194,5.11088026616102,8.98215556602972
"110",2.43257683908769,9.17066466296699,12.0565087963175
"111",2.13907459272188,8.71561737255229,12.3535247246307
"112",3.79399238042202,12.3020713705964,19.2537149175374
"113",3.29103871894581,10.487692814337,17.9394634987601
"114",3.60476969244632,14.1711065189528,17.2443370704475
"115",3.73859455020048,14.7713451745892,19.9925750157527
"116",2.35455772634255,7.97261875472474,13.2273307726096
"117",4.4859164705242,15.0819875496954,23.9632810832331
"118",2.58365188996594,8.55428510788927,13.6904484228298
"119",3.12280038316485,12.7468240566351,16.1923630723502
"120",3.64864440949156,13.2289662478115,17.9236983516871
"121",3.7753826969321,13.0936331587385,19.0540458456308
"122",3.5567568963419,12.544383470394,18.4623779484415
"123",2.6382610604395,9.34485147671967,13.8935926441947
"124",3.80234406512642,15.1515404904184,19.5148028441947
"125",3.02093068208112,10.4222657311437,15.5942537226742
"126",3.27193341995747,11.5881305548372,18.5420333779671
"127",3.75705697527467,14.0369927367694,18.1382434127698
"128",3.33224057324966,12.0041943105687,17.4004899373437
"129",4.82538887286645,18.0897324663281,25.3460466380221
"130",4.89952099203547,17.8568734810586,24.041162270102
"131",5.50792179554596,17.8692283299266,27.6717732391935
"132",2.20382447780764,9.12330619070744,10.4619319133016
"133",1.96229526621974,7.39970062933111,11.8689216765794
"134",2.52444298296713,9.2708925821783,12.490112226741
"135",3.08119805781928,11.3063787541145,15.7301403397565
"136",4.96885405463902,17.1762144666859,25.3821175827587
"137",3.12838977431842,9.16643445925276,15.7052054929372
"138",2.53352731089591,9.12808150909466,12.8678293930131
"139",1.59273509437446,3.89963223733822,8.26400983043106
"140",3.60989850813521,13.597220684874,18.9493650279999
"141",4.2904897558989,14.3568242770442,20.194533100458
"142",4.346304922691,15.9408213522371,24.1613444552178
"143",5.26206550997087,19.8732812527611,27.2664758004652
"144",2.79073905757828,11.3529921104053,13.4104477607597
"145",2.61139198681709,10.4052117396147,11.9859699024643
"146",4.40410558894605,14.7175641633101,23.7852375720858
"147",3.88393144611064,13.7564091268917,20.1387162919898
"148",2.54057101948344,9.0510179965342,11.8964911650275
"149",3.53403077520106,13.2156455253214,18.1471044455033
"150",4.26974516171506,16.6280995159749,21.5846225559158
"151",1.9508541706732,6.86736646054228,11.1490123053546
"152",3.44035557317163,13.2899792434831,17.8041798841247
"153",2.8076060801411,10.9583610352744,13.9779048861638
"154",4.54833191627815,16.0231418988808,23.8553389199105
"155",3.28760702715083,11.5767520182072,16.3241341616318
"156",4.52689945273879,16.5259339146197,21.4032471394582
"157",3.53670155660123,12.6179219487708,19.1926860990906
"158",3.56343323920197,11.4851039380524,20.7003305930196
"159",3.47851201579575,12.0441472346027,16.9858307727313
"160",3.09613027235392,9.8854816414067,16.0511317791504
"161",3.77323216304566,13.8432109575097,19.4509281016624
"162",2.81024508339513,9.863017595964,15.0611542451448
"163",2.74034597637235,11.5236891845642,14.1104461203909
"164",2.03474388356242,9.51186424840798,11.9701335016718
"165",4.10937969063643,14.5971439598122,21.5016161644193
"166",3.15072904887504,12.1784772224263,15.9405536961348
"167",3.16145106037329,10.2507571933568,16.1798484935187
"168",3.84860698744084,14.2965899277597,17.5154913671844
"169",1.89181353547552,7.62475381854058,11.6768102694025
"170",2.46891097786266,9.11500859801446,14.2912001062284
"171",2.9508327614991,9.04528725554528,14.9331681438906
"172",3.11288580669713,11.3142598855451,15.6635702475225
"173",1.78582548111938,8.21089315882927,7.46171950117088
"174",3.82271995745323,13.7924575537722,20.5891153253719
"175",4.88293946524258,17.7143069762008,25.893897574837
"176",3.93672401735869,13.5426859535772,18.3369945499099
"177",2.84279740174016,8.7392548342523,12.7614705976014
"178",3.35796806828989,11.3659015536098,17.5229251196657
"179",4.81486701877699,16.9523440783766,23.8588405944734
"180",4.75416476846256,17.601885438872,24.0369557323889
"181",1.42690087612439,5.48050094718947,9.15513064099433
"182",2.74480914976126,10.0014488813667,14.4433394794527
"183",2.43922936252786,9.04577452339924,13.4050849170291
"184",3.56988043698911,11.8530974045187,19.0962801310025
"185",4.89286215402732,16.431255205199,25.7865028254448
"186",3.47446304092327,11.1511047813251,18.6040942379563
"187",3.48764019793536,10.2735840511823,18.3956433592461
"188",3.29437908110805,11.2285790161048,15.9795327020618
"189",3.65910112692726,12.6991501838551,18.786263823481
"190",3.02471030947596,11.9221861141411,14.8565627936147
"191",1.90144461681084,6.77987990228784,10.1546764969533
"192",3.10755677381803,10.5508012234636,15.3350518815295
"193",4.35272637578755,14.9207160338429,21.4253951278998
"194",3.57739565402101,12.1444890573608,17.3040278772525
"195",0.585065343492592,0.782747100021693,1.47769889735161
"196",1.91181880510354,7.25258320771125,9.43365581263338
"197",3.24758021771879,11.531618590039,18.0612411821291
"198",3.21852989423238,11.5422427764251,16.1791946931438
"199",4.6940199283115,16.6168490280454,25.2183397828003
"200",2.40716964347171,8.56174320642677,14.1802860624117
"201",4.98224509112351,18.0240704759031,26.9972747274706
"202",1.0264948170746,4.01646754979872,6.36545455730213
"203",2.94003778721648,10.5450745318476,14.0809356613985
"204",1.66608564164149,3.89821904759459,6.95971098094701
"205",4.10534220783935,14.0599205485208,21.3555301108145
"206",4.73071295195905,16.8105919340239,22.16059636989
"207",4.00228418965094,13.8959484808174,20.6285401982007
"208",3.06002886115716,11.3858424715577,15.0732106041371
"209",2.30527951023763,7.11286268168161,11.2021308254186
"210",4.13849470661672,14.6338722361291,21.7483165562085
"211",3.09130422895423,11.010592974448,14.7958925060985
"212",2.25715671772617,6.96539687265627,12.7578728762407
"213",2.08371597965494,9.08291170471979,8.90623086302725
"214",2.24789686892312,8.63555212660648,10.5181033527347
"215",4.36257665521957,14.5588048844607,21.4844257495954
"216",2.206847584389,8.33884710184667,10.9028057576949
"217",4.54035348652059,16.3048694936539,23.0030980859054
"218",4.1459520829887,15.1805306625417,21.4873197960743
"219",2.50196206028316,11.0089368362741,12.9998977503076
"220",2.24905027872062,8.45477920255226,10.1828906620101
"221",2.81777092227299,10.8190233074389,12.9357611937018
"222",2.10025024323355,9.25911500914724,9.80896411177868
"223",3.97745806312223,16.2272504940926,20.9525599765135
"224",4.55631066159392,16.2555841994145,23.4692792210224
"225",4.04937096968001,15.3315712619943,21.1977179185768
"226",2.77898799568297,11.655643767577,15.3600916640782
"227",3.04589895353984,10.095111161106,18.1761328942768
"228",2.06915379975264,8.75098645283247,12.465875119226
"229",2.33867306980189,8.01653788143709,10.2485791422827
"230",0.980356097859101,3.31957585630534,3.696732841995
"231",4.38056376671591,14.3166703387863,23.4840942701388
"232",2.48223350626678,8.8032414736667,11.5181877875586
"233",1.66718404688194,5.61831335863355,7.55620927457064
"234",2.67122104878515,10.2388204208552,12.7195635441633
"235",4.19879137235843,14.1634831303781,21.4010001954835
"236",4.15224583966821,14.9521641518512,20.2560619817626
"237",2.91889371200387,10.1039797050337,14.9736786564398
"238",1.13855178392011,4.1272301404033,4.75098961031707
"239",3.34933307175793,14.4377378854725,15.5175278394568
"240",3.71148191402001,13.1835480027961,17.8366366875028
"241",4.03747311150822,16.4047501991904,20.9286690755165
"242",4.66008307120095,16.9459868013483,22.4961103439035
"243",3.45638293126343,11.727243665267,19.3308051628265
"244",3.88133501008277,12.2572916563888,20.1714357084872
"245",2.61737587380821,10.3112958801967,15.359269480623
"246",3.69207768266463,10.4499071449839,18.3846127144416
"247",6.09745137193097,23.3769653420658,30.9041209207419
"248",2.24175459046097,8.56670703918391,9.87209517083081
"249",5.91214915510095,21.1260181821706,30.0928499632524
"250",4.52093401975655,15.8446267139098,24.0113791804826
"251",2.53941613872147,7.7203412375511,13.8427003600377
"252",2.6397969736164,9.14480027951824,14.7313735743315
"253",4.82895145536882,17.210324255782,24.4177664205396
"254",2.67926475812272,10.3717581871088,13.2404852285647
"255",2.72854574140161,8.15295358104198,14.6158508910808
"256",2.50502146498685,8.25837627343818,13.73037750348
"257",4.56370292846036,15.868912815621,25.3000861992694
"258",3.44802637787775,12.5856546639891,18.2122132910928
"259",2.96626046922872,11.265761826001,17.9775547366959
"260",2.54552559140414,7.90592843295375,14.4484678352245
"261",2.78941942698956,9.81983814297283,14.5146888309719
"262",4.25052740787383,15.1778408439431,21.0214435070207
"263",3.78786093197189,13.702870768651,19.0241554453542
"264",2.29610072704762,8.83390875377431,12.6210383407392
"265",2.64372953982974,9.7053500408117,14.1570920829564
"266",2.72309029299551,8.99912447923884,14.6706453801099
"267",3.03326101734575,11.8372954133443,14.6418683833898
"268",1.8356954580979,6.75749720246551,9.44556229786182
"269",3.10878598963201,11.6111945759043,16.2595889413991
"270",0.776716241907763,2.87318414739239,4.28186641163231
"271",2.8739298996871,10.9677016617085,14.5459531032597
"272",3.28794253604966,12.8719552497601,18.185907467832
"273",3.89668252242851,14.0675250234783,20.2343180828426
"274",2.20429252232682,8.16405155806895,12.7248113468089
"275",5.47088796803206,19.2320880349263,29.2289401475136
"276",4.95264597337295,17.4440048332462,25.5264484522023
"277",2.64574766238937,10.1779816610084,11.4865076538721
"278",1.73706390566172,5.96091579665357,7.75618562083508
"279",2.74352758811975,11.2517201539156,14.121994218336
"280",4.1866273536117,15.5029903069379,22.6950171262564
"281",2.24889948232739,7.54884810071453,11.2445404973924
"282",3.41110688045072,15.1133901388735,17.5995375878831
"283",4.82801534228217,16.4976001584089,22.6114538543273
"284",1.90323422403819,4.87511351337243,9.49595668283995
"285",4.37403915519741,14.9830809444658,21.3503505967258
"286",3.8952651008805,11.9016176391055,19.4935994171915
"287",1.24280127559199,3.75620883659281,6.48891816118002
"288",2.63804706127857,9.14967387290575,13.5551850509595
"289",1.9795646380716,6.59916066049887,10.4756345844855
"290",2.25658935476999,7.23633185639222,12.7750050095917
"291",2.90858749073048,9.0502141527602,14.509577486749
"292",3.04574132071158,10.5029153536373,14.6532067855816
"293",4.48053654747416,14.7100469764688,22.3944264739078
"294",1.81917523443645,6.2657804072109,10.0027703112101
"295",4.36101094140738,15.2493684926177,23.1365460910484
"296",2.6572517998085,10.5181857216365,12.5925344546478
"297",3.26938528360754,12.5768467091725,17.116403080159
"298",2.53507853787218,9.77851426394441,12.687151320232
"299",2.77056068698736,8.57706082850287,13.8135060641571
"300",3.71006407771787,13.54835587064,18.7333644833343
"301",2.39178181464099,8.58323609250771,12.9468147688603
"302",2.69727435341384,9.70847865935675,14.4511636108975
"303",2.30147378869635,9.07519836367656,12.7567233430564
"304",4.26737532407223,14.378220831971,21.6441284346007
"305",4.6228708471124,17.0218578233791,24.6822967150319
"306",4.24682177963588,16.3671882049514,22.3056116919387
"307",2.1164550157309,7.42613247037483,11.5881710191401
"308",0.616966122955227,0.0899429571621497,3.37941324222872
"309",4.41384970717464,14.9621748392613,21.412256361908
"310",4.15763749300488,14.6496063931441,20.7633761881299
"311",3.61456265220285,12.6382596970717,17.9385452055346
"312",3.5063580415288,12.8903485518924,17.4876187311825
"313",2.82353782753645,10.2751726201563,13.6662973683885
"314",3.29874014460996,12.5535967804211,16.6346295976537
"315",3.69967646945953,13.8224456631003,16.9040671815283
"316",3.14091817816481,12.6409524547666,15.3723691540231
"317",4.47799451708902,15.4304835889236,22.4165803787056
"318",1.92319228676946,6.1443911368248,8.51870881580671
"319",2.61495508804725,11.0331895168708,14.8058076111295
"320",2.94580926166973,10.5093674862588,15.5426262421749
"321",4.26794024541483,13.8974863457598,21.905399566673
"322",3.82782119247681,15.170240918837,21.814832409002
"323",2.13142737953997,6.22832590417566,11.1545776684125
"324",2.79982863191116,10.3977620647658,14.4867164606475
"325",5.16758908413878,18.5767214520415,25.3731480183878
"326",4.69068171473835,14.9412609088035,22.9734328813054
"327",4.09191031411824,15.9369986848374,18.6709595820645
"328",3.94350145794835,16.2261634163773,18.6530226090296
"329",4.27392061216458,16.3631790057226,21.7294356953912
"330",4.95918416269151,17.787710506954,26.8513340559113
"331",3.45170293673101,14.4234073775753,18.9777576670798
"332",1.67369598327264,6.92925075839943,8.71431422003735
"333",4.55675839916639,17.0445428554768,23.5527877133424
"334",1.64875106777785,7.18069147307781,9.65958212441413
"335",4.73000652926896,16.6611605703136,23.0582856694929
"336",3.49574778998338,12.4928319645086,19.01112959508
"337",3.60418687400027,14.5513715102266,17.4571024733283
"338",2.29376344008772,9.12932419326896,9.79472024212228
"339",4.14362929097854,16.6886012992755,22.1850491500368
"340",3.76460160057609,14.6212198060696,19.1725567790127
"341",3.14176281912995,10.95845802086,16.157344753338
"342",2.79326656353203,8.54769448482929,12.632895384861
"343",2.5334680171113,9.30468040018298,14.317313749833
"344",2.21505280976049,9.07908003930683,10.3568432509648
"345",2.57444524779544,7.17166832340088,13.174764261659
"346",3.34526577409726,10.4456328876218,16.8237205738266
"347",2.95687281814212,11.5991775099703,13.5739154153165
"348",3.55648291654847,11.9349201590743,20.6031789204312
"349",3.94234372292672,14.255088672524,21.4927396800656
"350",2.02847486733451,5.61037242875219,9.79977654542033
"351",1.96409973203547,5.67686191402414,12.1958603265859
"352",4.94386012362273,16.8782844036645,24.5674127586444
"353",3.85352900338247,14.6924740094397,20.7501635139036
"354",2.64701552531743,9.08400360254591,13.2070899941911
"355",3.02148692786299,9.90278576404137,16.6482830127497
"356",2.86197776591889,10.0139364256376,15.60392244815
"357",3.33492252573628,11.3179261486298,16.2801841667289
"358",2.22480229792764,7.62423632599493,12.1986265777395
"359",4.0681361758475,13.0636113912753,19.9748078093261
"360",1.16132578746163,4.39092960436725,6.23802394665243
"361",3.1648958786339,10.9747723300826,15.8566214626308
"362",3.58168331142851,14.3212260735351,18.0914070398707
"363",4.49655641442712,17.1082738125113,23.6335334794009
"364",2.7826309487704,8.28003867237752,14.0181753930065
"365",2.38204178266937,9.0417190213974,12.578059939238
"366",4.74144781705003,16.920729065179,23.1595395184471
"367",2.76646931619401,8.34207343235329,13.9050865389264
"368",3.88046956665508,14.6005644391119,19.9186142063623
"369",2.4540355363209,8.40257815934878,12.5095850024037
"370",2.93916230969304,12.0771105678341,13.9178721693714
"371",2.43198149277026,10.0928205472088,13.3692181645517
"372",5.92930153943877,22.1339650194503,29.6024681366122
"373",3.03136035533158,11.0062275895495,16.13429719467
"374",3.36190731433027,12.4438540619504,16.8045584337842
"375",2.86740254950057,11.2482780194099,16.818080652327
"376",2.14250517384615,7.90425700868269,11.7030335667109
"377",3.91566418450628,13.6282914027071,20.2303361611869
"378",4.3405662126341,15.7212254897086,21.3060070814504
"379",3.35271255060083,11.4688187020049,17.9222608122884
"380",3.12164762953563,14.0961013968268,16.0577707232799
"381",3.77605759594712,15.1325873175277,17.9164304903434
"382",4.04201555550884,13.8910899424545,21.8251893541261
"383",2.1671621826936,7.24228076078325,10.0663082795989
"384",3.90930647411623,12.6019688855542,20.0057595171891
"385",3.28971023134379,12.5481533473202,16.4776361415311
"386",2.03134572238442,7.85713852760855,9.70503240880534
"387",3.26299258740822,10.676164542854,16.7668266235498
"388",5.62748329368358,19.7362934735423,29.4480023359135
"389",5.32781402860854,20.6610230457925,28.3812492648865
"390",2.65871970902563,11.4643730606316,12.7663168911936
"391",1.46441904984511,3.73668276983179,6.33470978486749
"392",2.92591555667014,10.355102866932,14.7270354783649
"393",3.71815032350385,12.8784921058741,19.5660867069441
"394",2.18086464368331,8.78624028584854,10.2283466149785
"395",3.03538865912823,12.3031181979786,15.1126418125724
"396",2.75718077245747,9.31217506491591,13.3656751460168
"397",2.74267808483163,7.90156729769579,15.4444640465882
"398",1.80104400944625,5.81047160561436,11.276682596067
"399",3.81655471396827,12.9255077725609,20.2602774533452
"400",4.24952666305543,15.5578859861013,20.0323343091149
"401",3.82234045611165,13.2904642075739,18.7281419307102
"402",2.23587600931717,7.13863718078959,12.5818142044211
"403",2.83409268700566,9.3804204008345,12.7583326589431
"404",3.04175809624978,8.79742075787221,14.7711396981795
"405",3.7658970425568,12.8108641969238,19.2717958539902
"406",3.69489018384038,13.5089042208264,18.2517841536816
"407",1.38134229151821,5.61340431336598,6.9235830645553
"408",2.46999009780374,8.20451131405936,14.0010690706679
"409",5.56211304166289,19.6284185086075,29.2878273450929
"410",1.78817934103963,6.33440289253538,7.01308689711891
"411",2.29771616323496,7.00213740898385,12.9602530638041
"412",3.43358917690583,12.9952593883981,16.4077234191455
"413",2.52560895615448,10.1324066375538,13.571530309698
"414",3.73492498789304,13.0123363104406,19.0577191453311
"415",3.46150576232363,12.3990648651394,18.6949685485452
"416",4.04487963822225,14.39905485143,19.9878697305032
"417",3.36196678597768,11.9700227836872,16.5973475061046
"418",1.65366316061316,4.0872293966029,7.14833593809544
"419",3.86763675422365,14.5197386816914,19.0909690869422
"420",2.84581760365823,9.65728352033332,14.2925040076598
"421",4.0490221469058,15.9785187066205,20.0502270554467
"422",3.78750000719346,13.1493827882293,19.6092593813753
"423",1.80207265938703,6.7787059550378,9.41312869139252
"424",3.53186878831611,11.7326843815264,16.6617845963299
"425",2.87933436946074,10.3554069230367,15.364449776736
"426",2.83857606921574,11.8816029056723,14.288791476333
"427",3.995641411038,14.0594014609245,20.9121332246622
"428",4.36476355346713,15.8520936155079,20.9291712352078
"429",3.71279164423392,13.9029417636594,19.4403395013976
"430",2.6999030827648,9.18879609423712,12.6797454039446
"431",2.72167549874681,9.30554544588904,13.9321158023854
"432",3.21938286992671,9.01168455381284,17.3639049908752
"433",2.64754940878965,9.62050186368855,14.6181439421527
"434",2.19643062497536,6.7297581806192,11.3167162992888
"435",3.05280020390728,10.4736626187352,15.3895732444779
"436",3.28504002539735,11.5630400069436,16.6435299406816
"437",4.74130122049726,18.3646692819802,22.9625636784627
"438",3.37832332234313,11.5244345803366,16.4651565679963
"439",2.11157683474609,7.16280626020941,10.0551411111889
"440",4.09203397852436,15.5888464131584,19.8253139681578
"441",3.17040573526422,11.8873234161127,13.4502678523641
"442",3.52235793005131,13.9332497743261,19.3671925945322
"443",2.96890047537349,11.3565875846502,15.7643100074431
"444",2.25906973657916,7.51366362002924,10.1197672581532
"445",2.94050356285836,11.5415429159711,14.4185305724444
"446",4.06601561890577,14.7442363289424,19.2402485539336
"447",2.89409884714362,9.96551885828512,15.9801415918202
"448",3.98485907591898,13.6831455712733,20.3784729412384
"449",2.38942658222333,6.6959608132683,14.6509472382882
"450",3.26701184394708,10.3532718571625,14.8307794650266
"451",3.62465479631804,13.9005331019235,20.3259238690363
"452",1.25840127918566,5.82283559014854,6.71614460739927
"453",3.81498263786894,14.5338334436192,18.1465563236853
"454",3.94924098125036,12.8925279404761,20.012046520403
"455",2.94217850615899,11.4240459565171,16.2927035329143
"456",3.23827299580531,11.8954507201371,15.5029414193556
"457",5.56783570501338,20.2425447821986,28.9890180473534
"458",2.92509748917073,10.5126367300899,15.8905402961001
"459",3.35396947909662,12.955590792053,16.3643289041538
"460",3.65042498074399,15.1034346481889,17.4411584776107
"461",4.1543213259776,15.510110581134,21.4910894264537
"462",2.50705599756716,7.83320290902232,14.9111236065981
"463",1.89498693395108,6.63804009957122,9.47748116378432
"464",2.20840354185107,7.95422762325337,12.7789117034185
"465",5.65851789332056,21.6488227831954,28.0652977685516
"466",2.62537095844758,7.31539133339185,12.2944550941757
"467",3.68482422771604,12.4109454791502,19.2638704453268
"468",3.46663821231315,14.3220992738167,19.4554972902759
"469",4.45286963098668,16.4206227025046,23.723264359762
"470",3.09720118775181,8.9583474692834,14.5500475347855
"471",2.12702076676439,6.45324725877849,11.719343094316
"472",5.40230184364961,19.7078593258745,27.6537446458892
"473",1.92658602239227,5.32163641180707,8.97450130009092
"474",1.08110148388445,3.4087858620063,3.98442600114883
"475",2.08779266170704,8.60828666045252,10.3999004732568
"476",3.01245165200317,10.3906569237583,14.6158212918151
"477",4.29854981096397,14.4206025349057,21.9564512153034
"478",1.87819178318571,7.28233982422973,9.56088844518275
"479",4.32396109641187,16.6338749358796,21.3716666840506
"480",4.9612526167844,16.8309360377676,25.4431601743353
"481",3.48782458590604,11.26546892981,17.3811609686396
"482",2.26268045594552,7.45751060685964,11.2621966623253
"483",3.0596293051458,13.4955569113585,15.3424109803462
"484",2.23484347557334,8.13860596766575,11.4164462061742
"485",3.55130155040246,12.5836979517436,18.5930084220309
"486",4.94279886074555,17.939608269574,24.8658599189585
"487",3.48867416039699,11.9053861075797,17.3594708176279
"488",4.94156389253769,17.662705941575,23.8253740265973
"489",3.59338130333005,13.9958597413718,19.036477653391
"490",2.7885515833552,12.138862047449,14.3227109642078
"491",4.27084119138462,13.6416421430638,20.9970440228043
"492",4.60048748672967,16.2322930825734,22.5833311322239
"493",4.57168590020087,17.2513374568139,21.3146727499195
"494",5.03495982224995,18.5065977181989,25.6407600504763
"495",3.57913886267955,13.0886207948581,19.2112176812845
"496",1.72670686644418,6.78988039236713,10.1568235307295
"497",1.61609275833875,5.38537448069199,9.17562742475997
"498",5.06498070635629,18.060435163986,23.8137070052183
"499",2.47218148109026,9.85172524214003,12.410134965888
"500",3.71231780549324,12.043401464486,18.5417548428277
"501",3.63713546471165,14.0257005731323,18.3536077967048
"502",3.01835807102124,10.5628777376426,16.3564675733756
"503",2.70323840267177,9.38850010949663,14.5716518274054
"504",3.12243825584099,11.0898099213982,15.1673184066889
"505",3.70955107523961,13.7032218664416,19.4617857002923
"506",3.00496445155983,13.0185690909345,16.3158889237451
"507",2.58261366176429,10.073174014604,12.1491520157067
"508",2.19923291269638,8.21922355014216,10.5752092464946
"509",3.23087340645154,12.8842031844682,15.8069172967433
"510",3.74353509308442,13.8569182510412,18.0507739153004
"511",2.24932642168155,7.37247180704114,8.81369529016861
"512",3.12656189230236,11.5076081630853,15.65982020825
"513",1.57703522665022,7.11519454242189,6.70586468659578
"514",3.57167229097143,11.3707382900655,17.7051859173405
"515",3.6669971324133,10.3560567577518,18.5266377823729
"516",2.21109906432863,7.81657931765485,11.295670727151
"517",4.8357542629573,15.9551527328219,24.306564953408
"518",4.04913293027166,15.4481995804554,21.2520676024027
"519",1.20344849318244,3.38056249362101,6.49792575468648
"520",5.42404876572052,19.2042848923167,27.4493716592606
"521",3.46308463242227,14.2084773140737,17.728094628634
"522",3.17182774698686,12.1822321507925,16.2936519860408
"523",2.94770065503066,11.0634139087547,13.4013959977133
"524",2.31625466362055,8.29099959220606,11.5534982033761
"525",4.38780922078025,17.0112731407033,21.7661359417986
"526",1.7261906927202,5.7259415009386,6.8664006155842
"527",3.42524712248637,13.0525646106532,18.1202024091856
"528",2.99341009408784,10.683914167572,14.7339657644778
"529",2.38403225167686,7.72688283030567,12.1983200416712
"530",3.50758066450384,12.1103573015795,17.9303454609289
"531",3.35273422107723,11.868829497521,18.0867127555454
"532",2.93579182575624,9.04113572120444,15.0129750671908
"533",3.85049622300039,15.2991899977163,19.6083944238084
"534",2.66001763629146,10.8185566282575,12.552941464073
"535",2.97949471291594,10.747168095708,14.928352909399
"536",4.4183592350134,14.9510607469453,22.1614453101502
"537",2.55302852493477,10.9460317310791,12.8035591324321
"538",2.7171740884336,12.0974382979177,14.7164312420702
"539",3.47103053445534,12.8356579720183,16.7131323110979
"540",4.36990626557987,15.102291424143,22.6241312617964
"541",3.12453306126698,11.3279513005026,14.4131459722597
"542",2.75370859619313,10.491665869504,13.8942256232948
"543",4.10626689411893,14.8680055730096,20.6127938673552
"544",1.89504656585232,7.80480308478527,9.50349596268476
"545",4.28135027752347,14.7786076713528,21.7047842076967
"546",3.4333160218112,11.1611876301122,18.8985865237992
"547",1.69039933752799,6.92898618700449,8.1496128684699
"548",2.94259993691137,10.0665709474845,15.7313806705534
"549",2.98919417645765,10.5894014810242,14.6624693806009
"550",1.63523054453977,5.68393873790707,9.63799521828605
"551",3.40376823720782,11.9024094307801,18.4432592491263
"552",3.14900274451596,12.1729344560228,14.7366656878003
"553",3.77444622713633,14.1213349745942,18.5381058176796
"554",4.03446251523645,12.5980444367001,20.3395526887139
"555",3.0574367023542,11.4299775712415,14.9648258368167
"556",4.00242081623025,13.2097088450385,20.312578326107
"557",2.80516596703918,10.1716165286043,13.7836982261609
"558",4.60545501723392,15.9866798908763,23.3315195242399
"559",3.23940777290374,11.8853489821969,16.9710246964803
"560",4.33726803997464,15.5437535101441,22.7143239715161
"561",1.95999838241404,7.57281123092679,8.86560286050081
"562",2.80237234526312,9.91668390077851,14.6786032533197
"563",5.8560922718202,19.7284014106406,30.1039861566262
"564",3.2376234528593,10.9785716882529,15.2272258519098
"565",1.92496546191261,8.14261037092575,9.83046581408195
"566",3.34115966393762,12.061894714977,17.5285235037606
"567",3.33662142676709,14.3158474404739,17.7720066688531
"568",3.71089404289985,12.1836726591576,18.8342844754834
"569",2.74771991503057,9.44548597493939,13.306190941719
"570",2.88137892896229,8.41715522204179,14.6467600407002
"571",2.22353082520146,7.63413351342038,9.74972482060925
"572",3.48401464474626,12.2423372190908,17.9237700066538
"573",3.06036453516458,13.1623496352716,14.3300425874301
"574",2.8010356941822,8.88056098489604,14.7604815275965
"575",4.11396066559911,13.4150397760981,20.706459060192
"576",3.92156604731661,14.4308113318484,18.2285715423616
"577",3.97066289235513,13.1040875457758,20.519527385771
"578",3.95000795419934,15.8379121521839,18.9869177047724
"579",2.79551293920682,11.1202700941821,14.6981674357809
"580",4.35587007856843,16.3256785995362,21.4963614081764
"581",4.75140857364237,17.2029868096222,24.6321399778073
"582",1.9684166239331,8.24164706714639,9.41444848777864
"583",2.47683739722339,8.2058661932511,13.5887688695731
"584",2.76963251055559,9.54434345688288,13.5426541036392
"585",2.59105650203428,9.18244368116098,13.9670982035084
"586",3.42349469510126,13.0016081421521,16.5325943451016
"587",0,-2.58539846992661,0.440109878193483
"588",2.15538302763468,8.08958331694993,12.7958698989787
"589",4.6166731445733,15.7745130281887,24.2737878837251
"590",2.80382948083641,8.9957463562514,14.5455746695929
"591",3.06161319852281,9.90294176604942,15.0398529328097
"592",4.09787929512596,13.8911860779307,20.3802697937188
"593",2.66836834383242,8.93885736538089,14.0081282818668
"594",4.02853380086713,15.2609967673935,20.5504682707063
"595",3.95414664981636,13.0449822947919,18.6821821802083
"596",3.26672647523483,10.7296915338449,17.6082533393329
"597",4.06281266842397,14.3645538864425,20.3209348290952
"598",6.47641739227329,23.3158771032819,32.0108129674286
"599",5.2868478944393,20.1077269615849,27.1307846861823
"600",4.04868175754767,12.9153787475359,20.5502952954618
"601",2.50193091817828,10.6531537590259,15.4564397768682
"602",4.77205552306128,17.2278051265183,25.1512584965196
"603",3.73651584746998,13.5555602661497,19.323773846164
"604",4.55906422945888,15.7824124039361,24.4866680440991
"605",3.19781646377653,11.314655143665,15.5386206189251
"606",3.77717352538418,13.579503666592,19.9479592966084
"607",4.39407862785842,16.1734027462632,23.046801587812
"608",1.90142606277709,4.57220304689634,8.02343409937083
"609",2.1901732337659,8.97977010764896,11.5566322277802
"610",2.99648583438528,10.1907026915805,14.0949012365386
"611",1.68349907922925,7.13794290393135,10.8215305473283
"612",1.96699414749942,6.50411420951695,9.88993792393109
"613",1.88834010956855,9.05814754154269,7.84997975644512
"614",1.58239324800739,6.06714375210876,7.48862138506757
"615",4.23009372127749,16.6016338459538,19.7268123023495
"616",4.66075385048637,16.3133472991901,24.7772895308329
"617",4.31683408460906,16.3099440570629,22.4168402542498
"618",2.18196216580928,6.4829962166217,9.44452267185499
"619",3.6243175166335,12.7254571264731,18.8440878824177
"620",4.12179744182523,16.5385353080196,20.5228356525902
"621",2.31513722754437,7.12801625376153,11.2726987365195
"622",3.309678673943,11.9005554296138,18.2994317105872
"623",2.858834968775,9.06693255161542,13.8173165676517
"624",4.8838605075892,16.2888736512238,25.4796188052843
"625",2.60508299899431,9.40050320275728,13.1183172530424
"626",4.01492231948325,14.9237297866378,20.225715402232
"627",4.2681190384918,17.1387967655446,21.5614123215758
"628",2.91216581028996,10.9073093399989,14.5382204918146
"629",2.87720425865847,11.358502608224,13.9967282949135
"630",5.06816402263276,19.4142538083336,23.2734988140883
"631",3.63878320776783,14.0165488071884,18.2733289616663
"632",4.3241030396911,15.5771165685329,22.5069915123884
"633",1.90491757920688,5.79247389959792,10.918148514562
"634",3.98635555931132,13.5581858329865,20.7992996375939
"635",3.67781482200767,11.7133369107809,18.7095981338896
"636",3.86885651800885,15.4381069920966,19.2182375970075
"637",2.35940287134586,7.51894145601423,11.5389816729412
"638",5.46095773665815,18.4384901377039,29.1694749256545
"639",2.78060551666803,9.4306666418852,12.6411121433794
"640",4.04433105005832,12.0125193716646,20.9929224557788
"641",4.98182561087629,16.9863474853781,26.4485173329564
"642",3.23656605211817,11.0840237693093,17.9213705057646
"643",1.4653962004093,5.46664037859452,9.26374882365368
"644",2.8854656741704,9.24095121983452,15.1928907210825
"645",2.18193512545253,6.76427255902669,9.09234284638545
"646",3.93960414559415,12.7534718746331,19.6169294000485
"647",2.93983279628941,10.1528901117063,16.3439366797961
"648",2.34425916115871,7.59024938280659,14.2454000219551
"649",2.89657733698581,11.7464123975175,15.9409337441228
"650",4.03593301203587,12.9604813697828,21.8250738683943
"651",2.15696551048283,6.66898277605391,8.96508526125557
"652",1.70325104551497,4.50439843547663,7.89181635277057
"653",3.0745883075695,12.2480183966821,16.4471508128808
"654",3.60339209647831,13.65989317925,20.2790991748824
"655",2.82926246353059,11.0595200959426,13.7986723986615
"656",3.7200944817242,12.4870279208291,21.1455736989988
"657",2.56814816712382,10.1627809094945,12.3256106716291
"658",4.4514828410191,17.176768893952,22.6179481327592
"659",2.77920465839858,10.6418144048333,13.1854640675872
"660",1.28520814306124,5.53195116872808,6.66086645771916
"661",4.54705449326754,16.9709481100448,22.3050867331578
"662",3.74981941669641,13.447786934431,20.4786930210665
"663",4.11772350995861,14.0425762262969,20.7927209471069
"664",0.116525923917183,2.79306301423676,1.04720459387733
"665",2.45825083595186,8.79409774117649,13.932648411723
"666",2.79000987864811,10.4860107061677,15.3908632240197
"667",4.48534254709531,16.2577066550489,23.7875879716529
"668",3.58692904836157,12.0456910387084,18.7222437402779
"669",3.00091803268782,9.92316911735693,14.4124567417655
"670",3.05303715283217,11.7470255234532,15.9546461864571
"671",3.32237755913376,11.2332302639064,18.7465269694549
"672",3.39534701303847,12.5253534108359,19.0897426197942
"673",3.32794071254461,11.1790978214362,14.9832349911389
"674",3.29298903476483,11.466847551825,17.8434127720862
"675",3.72929449947633,14.0388572927198,19.8447393557184
"676",2.89387193551244,10.5170432330313,15.2058974673301
"677",4.37891325704892,15.5650416625057,23.0605089053212
"678",2.62661741807286,10.2638986812022,12.8048089761209
"679",2.98101888468354,11.5612194819584,15.1070006187968
"680",4.31189426321399,16.3221777251553,22.4622457262079
"681",1.86560490042604,6.99441314620026,9.62394866717102
"682",3.16785348324908,11.2374915071922,17.7582544457961
"683",4.39573110006746,14.5630685005917,22.3499333301131
"684",2.51716177232149,7.86452109597287,12.8122083647071
"685",4.40624196621756,16.6919333513263,21.6178677090437
"686",3.11837935491954,9.59120551816521,15.1331672627078
"687",2.51894446635923,9.42498049003159,12.1141233836372
"688",3.89040422399032,14.3821154537264,19.4143712981961
"689",4.95413392089637,17.028873762311,25.1875574615665
"690",3.38587453662906,13.1352066052943,17.3876059849788
"691",3.04625109837599,10.9344311975294,16.4805954360084
"692",3.40170710220714,13.2642115183423,17.46413392955
"693",4.16311678018987,16.6520942049033,20.8206952216015
"694",3.14728035028256,12.5069033790699,16.094481778988
"695",2.3913630539936,9.41699687985827,11.7969560902637
"696",1.92188648330285,5.28056401509497,10.2282138985452
"697",3.18735166446771,11.7949061715872,16.169766102515
"698",3.82302768064024,12.7514593470527,20.5851441236629
"699",3.31790106526481,13.2019489463735,15.3744692719927
"700",3.45211389874918,13.5950312994909,17.7068501140612
"701",2.81407915401378,11.9227372109732,14.976062055563
"702",4.63401696524562,18.6004991712431,24.0884649679994
"703",3.43014514837499,13.8101460402838,17.6010465905974
"704",2.97266649112182,9.93677128829551,15.7093398377075
"705",2.76138671620639,10.1972548081042,14.7680094757364
"706",3.32116132217313,13.0423348871699,14.9724343605598
"707",2.38117170652959,9.77515833293208,12.5449751039633
"708",3.49202560108022,11.4810909765317,17.0689561781971
"709",3.3232026665942,10.2459365316817,17.3355107462581
"710",3.55411364263164,13.9596075981132,16.9518726240741
"711",0.97556729978291,3.96793592009797,5.01969116520995
"712",1.87579689923628,7.39927126961783,8.99930038165951
"713",2.20842203038809,7.84676542187134,9.34009154880646
"714",3.75051473049945,13.8407432065042,18.0945098156465
"715",1.6383932901577,4.61990701367285,8.76132893222933
"716",2.26540338162296,7.63599527468021,12.2184386193039
"717",2.29076268311108,7.96317866730038,12.4575420301613
"718",2.86302480109004,10.9000699717364,14.6774034449145
"719",5.23698000148736,17.1656902855434,27.693640967531
"720",4.37267953912622,17.3194922630876,22.6095930950656
"721",2.90502641309986,12.6503344609172,13.1100357087314
"722",1.29512263304233,4.51693536031741,5.44853160172621
"723",3.03060767719857,10.6444012546191,15.988446775261
"724",2.58749450440468,9.45244849168184,12.4557062300197
"725",1.55179284548158,4.62893382556195,6.37932663232103
"726",3.70738184574733,13.5328606417897,17.5439988946265
"727",3.14223552787337,10.7625057408737,15.1457579018763
"728",3.7562791374146,14.1288145189947,21.019977668549
"729",3.6645235061308,12.049049666365,19.0471039644183
"730",3.69494778096836,13.7267417934476,19.0040797822343
"731",4.81243626760995,17.7310043019595,23.9648971406172
"732",4.73689864673125,17.866062051189,24.0968418524672
"733",3.07304021755632,11.2474378691967,14.3128061166358
"734",3.65880075562635,14.3988299196299,18.6236676933533
"735",3.91214965276261,15.0749401336397,20.4473230909742
"736",6.03432478019095,21.0451367302054,29.140720063304
"737",0.737362047796633,2.78733845903349,1.52763282997185
"738",4.16951007021729,15.8467711416644,21.4733529505852
"739",4.45240114552879,17.0715369091329,21.2386472527293
"740",3.87120026878916,12.3995767336326,19.5110032994808
"741",3.49187133757061,13.8104646422827,19.489610260541
"742",3.30853309154373,12.1318004840489,16.4419351460942
"743",5.09613393956365,19.0423201070929,23.036652051973
"744",3.33205410798618,12.3982442071083,16.3510524054858
"745",3.59476176771282,12.6651086975005,17.1748300687968
"746",3.09371721722823,11.5457742388018,16.8942828765137
"747",4.8725908394007,19.051456569705,24.1402991728861
"748",3.80357658008755,13.2374778983188,21.1785210654076
"749",3.06494609597866,12.2606336715929,14.1389256041977
"750",3.30610808545393,13.7355870192859,16.7069271790988
"751",3.15308120723774,10.0457678052699,17.3441729142882
"752",3.08842451243251,10.6289639415278,15.9988395770762
"753",2.90288521050575,9.41611822549661,15.0207755872256
"754",3.57873566733869,12.8687557113897,17.3534039061988
"755",3.54819601675267,13.1708579071991,19.319833507094
"756",3.63234981410355,13.2964183903776,20.5997515253899
"757",3.32015580628106,10.6018280818261,16.8189885872328
"758",2.36433874748558,9.30568277023668,12.656840317402
"759",1.09993539280033,4.72850227044523,5.12807812903697
"760",5.16798226899177,19.7798263015074,26.2036527921202
"761",3.57643153450265,15.0576494681674,17.1662659799007
"762",3.07410092105739,9.63992389694633,16.0059883789511
"763",5.15584851021566,18.1318290283746,25.7220994726907
"764",2.25742481216907,7.40991562905415,11.8895297178438
"765",1.73973689221143,7.41679646147005,8.68394456801941
"766",4.38893597232608,14.8514174588216,20.8627739823797
"767",3.07540376947217,10.8191402648198,14.9340067279668
"768",1.55016999241157,5.74663079503803,7.75358549171698
"769",4.17734219783861,15.1284843979315,22.4641283842464
"770",3.63032315584401,14.6193004173876,18.4560796421784
"771",3.67761712179833,13.7010784083383,17.9235996854339
"772",3.52380446776233,11.7329534008309,16.9006056743077
"773",4.26709415451126,15.6172370713332,21.7376302214875
"774",4.27819055375179,14.7647560600479,22.3041335820807
"775",4.43115164599545,16.1028518125346,22.7073247559897
"776",5.29207037915453,17.096201370881,27.765228540945
"777",1.5686425550059,5.80318842923106,8.11826754311179
"778",3.6244085877325,12.6777087652406,17.6813466747924
"779",2.5999534785492,10.2438462539753,13.2144158964339
"780",4.03256375743699,14.9473943844881,22.2780175831898
"781",3.31450725329266,12.0460345713035,17.2414089209994
"782",4.22204978343969,15.6765376751334,21.2653600452769
"783",2.69866303677846,8.86870340542421,12.8069130944937
"784",4.12991400329757,16.2635607200451,20.9669798976581
"785",3.43541069085148,11.4993261009809,17.8689805752692
"786",3.66253007682701,11.1966467151255,17.3164392966553
"787",3.06995074610034,11.6794141240331,15.7462040826787
"788",3.66503425924524,10.5326668076861,19.886066799987
"789",3.05724384856351,10.0459918151341,16.03306246985
"790",5.23507220095303,18.9260171202665,26.5924747882008
"791",2.46985396817205,9.203051790577,12.329179038105
"792",3.44714470920781,12.2907330227745,17.0436357757146
"793",4.01157536146028,15.3540911338733,19.7025505539882
"794",4.33087993872531,16.1370910832299,20.6547865994885
"795",3.71140005547623,13.0188108042475,19.8144487765067
"796",2.74791437379759,10.8100813731705,14.8816991817543
"797",4.18530976026286,15.7877659803179,22.9790620605102
"798",2.37314406819109,7.1601685257463,11.5672500506613
"799",2.7615896454645,10.2901299624764,14.8145531355845
"800",2.97599438326487,11.2058519220943,15.7303510001574
"801",7.84826502650006,29.1929231779061,39.6802531240937
"802",3.56115525996814,13.0792605938152,19.0664097809535
"803",2.39988639912297,7.74196292364722,10.6680321150573
"804",3.92889472975633,14.6317425213289,20.3689909285764
"805",4.48858022009247,15.6850744022594,22.8148752364577
"806",5.67640377702099,20.5482043988601,28.2190481677591
"807",3.81654142686524,13.3818439633371,18.4003086295704
"808",4.3625207034307,16.9863213435436,22.3738880283927
"809",4.81805326385467,19.3499756301441,23.7450758541999
"810",1.86625336959391,6.55934848523562,9.25246217253424
"811",2.56637227081827,8.99016050006249,14.0750166697163
"812",3.9426699112384,14.6364757786826,19.2219845127037
"813",3.76017052514187,14.3232335391991,19.8351087788258
"814",4.2890151899304,16.3723050329349,22.7703610445037
"815",4.49039890492409,15.4919757890191,22.9982775109223
"816",2.60887977257967,10.1740039931985,13.9177503776106
"817",2.02000519690421,8.01152010278002,11.1649740590081
"818",1.56906860468404,5.73939249100732,6.24207553029089
"819",3.29008090471451,11.5651408560266,18.389982579352
"820",0.961597338552882,3.36425798982534,6.0053570327488
"821",3.73331411812751,11.17623456591,17.953054079094
"822",4.23037182119522,16.4951933865799,22.3765876474888
"823",4.43448552976328,14.4787395493419,21.7401185571139
"824",2.77398688591405,9.35421429378947,13.5657578589383
"825",3.19819013194712,12.686633640231,16.0110553160692
"826",1.49131941109867,6.10884292886632,6.19530973642894
"827",4.38073249681186,15.544984761686,23.5588000757129
"828",5.57792724453531,19.5493026669798,27.4077574995631
"829",2.95050871276762,10.8356590634674,13.7750713991731
"830",2.95046219799477,10.8531374792793,14.7437904850148
"831",6.02246707043587,22.1983078867498,30.9956092751971
"832",3.47999784429445,12.6256133860828,17.7171047449674
"833",2.79781501060263,8.72513260964604,15.2932750417118
"834",2.20193870595803,7.66333112316904,10.1705153622376
"835",2.37795139384186,8.12892894558747,11.0310970260362
"836",3.0288878491586,12.5441926912966,15.7601928063309
"837",3.49820078794729,13.3101549310038,18.6681817083094
"838",2.24976172080161,8.20091786113063,11.1223537316385
"839",4.46084437473784,14.677648046121,23.0166074153684
"840",3.4100626384201,11.5453392031319,16.907933911383
"841",4.88377062207171,18.5351620164147,24.9696582142743
"842",3.95350020762657,13.3025605461396,19.490778644236
"843",2.15463236776705,7.27272422005939,12.9871070434342
"844",2.76379287314105,9.689135563518,13.1785167312163
"845",1.23257842905607,4.83941123284855,7.22561382626964
"846",2.62340982067979,10.4597584536528,12.7658130197145
"847",2.70433652192223,9.06156813124078,14.0052474626837
"848",3.50291792205789,10.7826291549754,17.8153852007408
"849",2.33363105884909,7.33012230809319,11.9817394679953
"850",1.6028566821603,6.51869244498317,8.23489284894824
"851",3.61674594260207,12.2948985574471,18.6398882123987
"852",3.24517504600201,11.7368544161992,16.5060280820154
"853",1.78539254570611,6.6133263304165,9.01228218022499
"854",4.27981772592411,16.6176510676728,21.8008908116051
"855",3.21247631541292,10.5697511848184,17.4628273914193
"856",2.63856250888899,8.65971331811079,13.2135071888333
"857",3.51504791075481,12.8381838519137,16.8132081028614
"858",3.60367060208929,13.2585906637272,16.3487957007666
"859",3.48794714136362,11.8491321014789,18.473628795055
"860",4.6178582807169,15.6915016096266,24.7705548358629
"861",4.50394034908848,15.2274205741733,22.7198016006813
"862",3.48825048816717,11.0563998783975,18.8404813632738
"863",2.23512847302983,8.05579901582053,11.3342913312962
"864",1.81488037739383,5.79789413677702,8.12276570155562
"865",4.09360925866738,16.1204126896148,21.3947429248064
"866",2.53740485823667,10.2315572671351,10.6990401696661
"867",4.52012154523347,16.8492662838245,23.1438772160471
"868",2.35891986466363,7.62292954604151,11.5874093124731
"869",3.83589678779401,14.8906527405264,18.6938270355323
"870",3.39769913917516,12.9495267990565,17.862348276785
"871",3.44753806545326,13.168097127469,16.4712945164745
"872",3.65063449012489,13.4188705818435,20.8765629872453
"873",2.40669932157375,8.06018553868969,12.483146914541
"874",3.26006671175729,11.4724191561869,16.5662467827348
"875",3.3017017717862,10.9035759362827,16.7128866602299
"876",1.93925588911021,7.30060095847103,9.71021261183605
"877",3.18579016018734,11.5635074820348,16.8874462624386
"878",4.21588730130263,14.1879785778672,21.9725366149508
"879",3.61057268005524,11.9738578066704,17.8764333343143
"880",3.6219145483467,11.6144254735975,17.4883583550447
"881",5.56339999146349,19.2624222562532,27.129066504638
"882",2.96237865684843,9.45824058550791,15.3296811516212
"883",4.20982917584879,13.2486366577427,21.3793090058766
"884",3.77478075625738,14.1178658281882,17.0057364630741
"885",3.59727142546189,11.3894640015774,18.036152586866
"886",2.8937995701279,9.90878940536003,14.4839158888377
"887",4.01083362906278,15.6183771236897,20.4268787288928
"888",3.4033841610064,11.9769459484167,16.5622330003727
"889",3.34299320043387,13.6388360470283,17.5893368047016
"890",3.19483839354513,11.2443279823738,16.7469928679352
"891",5.48234930602909,19.6537217794149,27.8286814558659
"892",4.49797928961738,17.4246052953154,22.0335495501558
"893",4.69257560315406,17.5675518036257,24.0224565769096
"894",3.0847955570655,12.0953084682386,16.4702775549887
"895",2.54994653515435,9.5507460569787,12.3042263507757
"896",3.52807651581036,12.6050106917141,18.3907665712391
"897",3.72698448330016,12.8173419874063,19.0099941557664
"898",2.5200139045191,8.60762034380275,13.2687928535233
"899",4.05778528806035,16.4405550376084,19.5003793711646
"900",2.4976790014887,9.72005761426229,12.6579423071684
"901",1.9967065822894,7.6414900873967,9.01239339862461
"902",2.40934397476147,9.1810750381838,13.9698135442473
"903",3.32746866396752,11.6050092203826,17.518874214176
"904",4.28604181775744,15.2242372801657,22.0961090878622
"905",3.89947684078453,11.9930606695659,19.8360305632834
"906",3.72920025231137,13.623744099477,20.478998342932
"907",5.37911688103903,19.4910727954227,29.3462031480735
"908",1.18087366203673,4.36858769870154,5.02634142962697
"909",2.90694140583001,10.6657348833883,14.9524411455925
"910",1.50752359324528,5.41107062731577,5.81608056580037
"911",3.4620892676766,13.5692593296137,17.9280068944658
"912",2.41940439182953,10.2831155555947,11.6888834737158
"913",4.64828511017497,15.7525499691186,23.0801417631208
"914",3.5708810627727,12.7897321152907,17.6539419949376
"915",5.47692521243756,19.4288289805347,28.7707068617137
"916",1.96239041615497,5.95459168701621,11.8109904382146
"917",1.92177073842372,8.01529099195336,10.5661889139589
"918",4.18802622775489,14.4421703239187,20.6853429251872
"919",3.63593713451439,12.1067243252752,17.8510474295762
"920",3.87954114527929,13.7296662676785,19.5635802475456
"921",3.34407910812023,11.954142070389,16.8307188681367
"922",2.49373925155623,9.18879276612867,12.2208802459393
"923",2.49906280516738,8.86654503788785,12.9177917902121
"924",2.65682330243585,9.80028152386981,13.9322405708427
"925",3.17260748636158,11.6271297656278,16.0231717868563
"926",4.75166639025151,18.7388544361697,24.3495791755372
"927",3.02360567928736,11.2680952154604,15.1150455189444
"928",4.07398305013484,14.9188408537127,22.857009352078
"929",3.30490890143952,11.0322928275767,15.5073944966935
"930",3.52296397215272,13.294608023241,17.4643308640836
"931",2.21059588975239,9.57086261972947,11.4633607234155
"932",3.40290629012361,11.1219040844822,16.95898974825
"933",4.01132030618579,15.5997047140647,21.1751173384419
"934",3.11515675251557,11.4062099403467,15.7786124323637
"935",3.20153475241849,12.7643413305246,18.7082943301684
"936",2.7140453579066,9.33416797307392,14.0951331313624
"937",3.67627947672315,14.6413253134501,19.5775209570856
"938",4.6054180943754,14.8897048478824,23.6135321850887
"939",3.9113076490452,13.8728440946283,18.2199147288653
"940",3.60089223359589,12.9747534424542,17.7849712716894
"941",2.48628015061996,8.60723908462006,14.5415044416618
"942",3.72029127366785,14.0107364933701,19.8035543767316
"943",2.84892854680728,9.47084728203307,16.4164132162618
"944",3.63179921284393,12.9982776361765,19.3155928919259
"945",3.03374383462266,10.3786324651791,16.3938670924518
"946",3.62195536392388,13.3823479103867,17.6900211446497
"947",4.11981132246077,15.0069541279609,21.5330795471203
"948",4.02474866513294,16.1727343112936,20.6731719895942
"949",3.88970286484601,15.0387243266248,20.3245566004204
"950",2.54730145327988,8.70832380244735,13.1383193190405
"951",4.02722844116106,14.9340986810328,21.6170206557136
"952",2.32713546961272,8.43240782957865,12.0775905166431
"953",4.19266835172983,15.6408061228399,20.7838222080501
"954",1.49699233800963,3.98447032478676,8.02974434512261
"955",4.77161426612785,18.0065119962446,26.2925021875283
"956",3.59799520390122,11.5534418581855,17.9752277118501
"957",3.83847009451955,14.0419380924095,18.8202124046345
"958",3.62121905619706,11.8665165068687,18.7687666926028
"959",2.75800758728353,9.31398272583442,15.7056795012343
"960",3.22530099720923,12.9309215293563,17.8740101252198
"961",4.1946729174109,16.3508731674431,21.4046974360493
"962",3.49503467597785,11.9621837290029,16.4348145683728
"963",2.86264119525319,9.11983182167699,14.0539293306724
"964",2.35674788090846,6.76361297207182,12.2507770565379
"965",2.65943716590764,9.14335335944277,13.1263638764025
"966",3.49137987576002,12.2994325856594,16.0516719836483
"967",3.06974253680908,11.5234160602114,14.3271849001448
"968",3.55860151062815,13.0899339641626,17.7066647272459
"969",4.17919270765715,15.4081989724696,20.9644991436868
"970",3.24618968728088,11.5993551126202,15.1208623648564
"971",4.32941084396374,15.8339518736856,22.1112781632903
"972",2.48203808363494,8.86171964044097,11.9424349400346
"973",2.53612364310507,8.65019422872966,14.6670488306999
"974",2.64499146975311,8.02806587002062,13.5423762444446
"975",2.59250794312556,10.2696303270697,13.3580093768925
"976",3.91914266250216,12.7609470045625,21.2571233442651
"977",2.87498266588545,9.7713847142543,12.4395786031835
"978",2.2036806857115,7.51650817229765,13.075550831012
"979",2.1175090318496,7.88806278246075,9.06050451603326
"980",0.298861449236338,1.93324926755065,2.46841374256933
"981",2.62083075118564,11.3619415926694,14.3728670581921
"982",2.91117946158107,10.4247563378649,14.0032377503323
"983",2.3075226131785,5.65377258940221,12.3480995577216
"984",3.8454934417433,13.6153519926294,19.653037502226
"985",2.98902082726232,12.386878373819,15.3294102483354
"986",2.80385495000408,10.4711552399212,14.4404871385302
"987",3.26284068925006,11.9434550248576,17.7544692064677
"988",4.51019627918293,16.9727866198003,22.9601820883206
"989",1.25015296217163,4.0049886283921,5.56523219039515
"990",2.52777364203452,8.07672839825712,12.1076118507476
"991",4.49320077310431,15.9936054138466,23.2843014852204
"992",2.43444657413231,8.810540743208,12.9541765666284
"993",3.60847423000369,12.0744338562804,18.007613924154
"994",4.17026228004115,14.7861281517156,20.9708503643084
"995",2.04394790227115,7.08582833790022,10.80173992191
"996",1.14037205081159,3.80595150894466,5.45284874570122
"997",2.55748211611671,10.661059780946,13.4454076313091
"998",3.28733871835337,12.0562428243134,16.520908465639
"999",3.45763828641712,12.4447176425769,17.7240449974235
"1000",4.42996564832418,15.4069633805907,21.6420029659399
